{
  "signedContributors": [
    {
      "name": "w-okada",
      "id": 48346627,
      "comment_id": 1667673774,
      "created_at": "2023-08-07T11:21:42Z",
      "repoId": 527419347,
      "pullRequestNo": 661
    },
    {
      "name": "w-okada",
      "id": 48346627,
      "comment_id": 1667674735,
      "created_at": "2023-08-07T11:22:28Z",
      "repoId": 527419347,
      "pullRequestNo": 661
    },
    {
      "name": "Eidenz",
      "id": 27901016,
      "comment_id": 1671008046,
      "created_at": "2023-08-09T09:45:22Z",
      "repoId": 527419347,
      "pullRequestNo": 674
    },
    {
      "name": "Rafacasari",
      "id": 32463720,
      "comment_id": 1673062866,
      "created_at": "2023-08-10T11:43:18Z",
      "repoId": 527419347,
      "pullRequestNo": 683
    }
  ]
}