[
    { "mode": "normal", "z_index": 0, "number": 1, "layer_path": "ROOT_全身" },
    { "mode": "normal", "z_index": 1, "number": 50, "layer_path": "ROOT_!目_*通常" },
    { "mode": "normal", "z_index": 1, "number": 1, "layer_path": "ROOT_!目_*通常→" },
    { "mode": "normal", "z_index": 1, "number": 1, "layer_path": "ROOT_!目_*微笑" },
    { "mode": "normal", "z_index": 1, "number": 1, "layer_path": "ROOT_!目_*∩∩" },
    { "mode": "normal", "z_index": 1, "number": 1, "layer_path": "ROOT_!目_*微笑" },
    { "mode": "normal", "z_index": 2, "number": 80, "layer_path": "ROOT_!口_*にこ" },
    { "mode": "normal", "z_index": 2, "number": 10, "layer_path": "ROOT_!口_*おすまし" },
    { "mode": "normal", "z_index": 3, "number": 100, "layer_path": "ROOT_!眉_*平行" },
    { "mode": "normal", "z_index": 3, "number": 100, "layer_path": "ROOT_!眉_*通常" },
    { "mode": "normal", "z_index": 4, "number": 100, "layer_path": "ROOT_表情_なし" },
    { "mode": "normal", "z_index": 4, "number": 100, "layer_path": "ROOT_表情_赤面" },
    { "mode": "normal", "z_index": 5, "number": 100, "layer_path": "ROOT_漫符_なし" },

    { "mode": "talking", "z_index": 0, "number": 1, "layer_path": "ROOT_全身" },
    { "mode": "talking", "z_index": 1, "number": 50, "layer_path": "ROOT_!目_*通常" },
    { "mode": "talking", "z_index": 1, "number": 1, "layer_path": "ROOT_!目_*通常→" },
    { "mode": "talking", "z_index": 1, "number": 1, "layer_path": "ROOT_!目_*微笑" },
    { "mode": "talking", "z_index": 1, "number": 1, "layer_path": "ROOT_!目_*∩∩" },
    { "mode": "talking", "z_index": 1, "number": 1, "layer_path": "ROOT_!目_*微笑" },
    { "mode": "talking", "z_index": 2, "number": 10, "layer_path": "ROOT_!口_*お" },
    { "mode": "talking", "z_index": 2, "number": 5, "layer_path": "ROOT_!口_*え" },
    { "mode": "talking", "z_index": 2, "number": 10, "layer_path": "ROOT_!口_* -" },
    { "mode": "talking", "z_index": 2, "number": 5, "layer_path": "ROOT_!口_*う" },
    { "mode": "talking", "z_index": 2, "number": 10, "layer_path": "ROOT_!口_*にこ" },
    { "mode": "talking", "z_index": 3, "number": 20, "layer_path": "ROOT_!眉_*平行" },
    { "mode": "talking", "z_index": 3, "number": 40, "layer_path": "ROOT_!眉_*通常" },
    { "mode": "talking", "z_index": 3, "number": 40, "layer_path": "ROOT_!眉_*ドヤ" },
    { "mode": "talking", "z_index": 4, "number": 20, "layer_path": "ROOT_表情_なし" },
    { "mode": "talking", "z_index": 4, "number": 100, "layer_path": "ROOT_表情_赤面" },
    { "mode": "talking", "z_index": 5, "number": 10, "layer_path": "ROOT_漫符_なし" },
    { "mode": "talking", "z_index": 5, "number": 100, "layer_path": "ROOT_漫符_*♪" },
    { "mode": "talking", "z_index": 0, "number": 1, "layer_path": "ROOT_全身" },
    { "mode": "talking", "z_index": 1, "number": 1, "layer_path": "ROOT_!目_*∪∪" },
    { "mode": "talking", "z_index": 2, "number": 1, "layer_path": "ROOT_!口_*え" },
    { "mode": "talking", "z_index": 3, "number": 1, "layer_path": "ROOT_!眉_*平行" },
    { "mode": "talking", "z_index": 4, "number": 1, "layer_path": "ROOT_表情_なし" },
    { "mode": "talking", "z_index": 5, "number": 1, "layer_path": "ROOT_漫符_なし" }
]
